Sequi veniam,이예은,유한회사 이김이
Voluptatem atque architecto,김성민,주식회사 김장김
Ex nulla maxime,김은지,김심
Nostrum,양주원,주식회사 이이노
Autem voluptatum tempora,이승민,서김김
Delectus,김지은,(주) 김
Molestiae,백성훈,김손이
Recusandae recusandae atque a,심민재,(유) 이
Ea maiores deserunt,이광수,(유) 박
Culpa fugit debitis ipsa,최현정,(주) 이이진
Veniam impedit pariatur,최하은,(주) 박
Nemo optio nobis,강민준,진황이
Earum nostrum quam,박명자,박최
Quibusdam,이정웅,허이
Ex maiores accusamus,김정호,주식회사 김
Totam cum perspiciatis,이서영,주식회사 이권배
Non,이상철,안이
Nihil tempora vel repellat,최민석,(주) 이
Perspiciatis incidunt,안서연,김박
Consectetur maxime incidunt,오준혁,유한회사 서김이
Quae commodi,김준혁,(유) 황김최
Maiores modi,손하은,한고
Veniam nam quibusdam,문예준,김김김
Vero amet,홍윤서,박홍
Accusamus aperiam ea,황명자,(유) 김박박
Vel unde,오서영,(유) 남허김
Sunt,서준호,유한회사 황김엄
Temporibus a aliquid,최정남,(주) 최
Tempora id ab,이상호,(유) 김문김
Iusto quidem,손병철,(주) 장
Culpa porro error,진지우,이한
Animi necessitatibus,김서준,주식회사 김우권
Dolorum pariatur animi,김영미,(유) 문
Rerum accusamus,이유진,(주) 박유전
Autem,송윤서,(유) 이손김
Perspiciatis,이민서,유한회사 조안김
Debitis magnam,이성민,박황이
Distinctio corrupti,김예지,유한회사 안지이
At fuga quae,이하은,심김하
Totam,이은주,(주) 장이박
Quis laudantium vero,박준영,주식회사 이
Vero iste facilis,김정식,(주) 김김서
Possimus rem recusandae,김은경,김박
Et enim quam,이지우,(주) 장
Optio,최영철,유한회사 김김최
Repudiandae recusandae eius,이서준,(주) 이
Debitis totam,김지후,주식회사 홍김박
Ducimus laudantium voluptates,장경희,전김김
Maxime minima recusandae,배준서,문강한
Voluptatem praesentium,김수민,(유) 오김김
Nulla quibusdam quae,류민준,김조
Ullam sed pariatur,이유진,(주) 안
Debitis dolorem,홍영자,이송김
Ipsam nesciunt distinctio,송준서,(주) 이
Assumenda laboriosam sapiente,최성훈,유한회사 김
Accusamus assumenda laborum,윤하은,(유) 이김이
Laboriosam cumque natus,김성호,주식회사 이
Hic aliquid,김광수,(유) 최
Iure harum a cum,김민지,(주) 이이이
Accusantium quam nobis cupiditate,이순자,유한회사 이최박
Esse rerum expedita quisquam,홍서영,유한회사 김김이
Nesciunt exercitationem,박지후,유한회사 김오이
Ipsam dolorem,박순옥,(유) 서
Illo fuga,류서준,이김이
Unde repellat rem,노지영,(주) 황
Natus ad dolorum,최미숙,(주) 김이오
Rerum sapiente veniam,장상호,이김
Explicabo mollitia magni,지성수,주식회사 백최이
Minima maxime dolorum,윤민서,(유) 김
Quas totam recusandae,김성진,이김송
Eligendi facere autem,나수민,(유) 서이김
Illum cum,송순자,(주) 이김이
At nulla,한경희,(유) 김
Modi sed,류하윤,(주) 윤최심
Odit aliquid minima,남지훈,박이
Eveniet dolorum,김유진,유한회사 김한한
Numquam soluta rem,안재호,주식회사 장이이
Modi natus,박진우,배김김
Recusandae fuga aperiam,오미숙,고이박
Modi quibusdam,정미숙,주식회사 김
Ullam minus nostrum,장성현,김김
Accusantium facilis suscipit,장미경,유한회사 서
Sed eaque nemo,조경수,주식회사 조이최
Perspiciatis sed recusandae,김채원,주식회사 김서윤
Nostrum praesentium,윤우진,박김
Exercitationem placeat aperiam,김시우,유한회사 백
Beatae doloribus,김은서,(유) 이
Nam,김하윤,(유) 김
Accusamus corporis,이수빈,이이박
Quasi nisi nam,이상훈,(주) 김
Laudantium numquam id,김상현,주식회사 문김권
Enim,양지후,(주) 이이김
Dolor aperiam,윤순옥,김이
Tenetur molestiae ut,이영진,(주) 장
Eaque molestiae quidem,박은경,주식회사 황김이
Doloribus et doloremque vitae,김영수,유한회사 이
Eaque repellendus,김윤서,유한회사 이이노
Tenetur cum autem,박상훈,(유) 한김김
Repellendus facilis,송재호,(주) 김
Adipisci sed perspiciatis,김지원,문장황
Recusandae,이영길,(주) 김
Eveniet iusto,박정자,김임
Distinctio officiis,장하윤,유한회사 김
Corporis temporibus doloremque,박경희,유한회사 양
Quae corrupti,김은주,유한회사 김최김
Incidunt quod,황미숙,한김이
Voluptatibus expedita,이영일,(유) 이최박
Repellat aperiam voluptas,지수빈,주식회사 김한김
Maxime iusto,남아름,(유) 배최나
Optio accusantium ratione,김수민,이류
Accusamus qui eaque,류준영,(주) 이
Velit nobis,황수민,김이서
Sint natus incidunt,최도현,주식회사 류이박
Numquam tempore,차지현,김심
Cumque recusandae beatae delectus,김지우,권강김
Nesciunt velit,김현준,박오
Quaerat labore quis rem,이순자,최박김
Dignissimos eveniet vel,김우진,유한회사 김
Ratione nihil quibusdam,문영철,전박
Dolores neque,강상훈,(주) 안이김
Nulla et,백지현,유한회사 이김박
Voluptates cupiditate,이중수,주식회사 이윤김
Reiciendis delectus,엄지민,(주) 김허이
Eum eligendi,오혜진,주식회사 김이김
Eius,이영미,김김이
Nisi quasi,김시우,(주) 김
Ex,박보람,김안홍
Reiciendis ex aspernatur,김미정,윤김박
Quia harum eligendi,한성호,유한회사 배
Unde sapiente,이상철,유한회사 김김이
Laboriosam deserunt alias optio,고예원,임노류
Explicabo velit,최민준,김이유
Similique voluptatem,최중수,이최최
Nisi mollitia,이상호,백강
Culpa neque neque,김민지,배최박
Atque,박아름,(주) 이윤주
Possimus magnam beatae,이상훈,전이
Consequatur eaque,서도현,오서박
Odio possimus assumenda,이예진,강김
Voluptate ut,김성훈,(유) 박
Itaque mollitia,이유진,조김
Similique doloremque error assumenda,김지아,(주) 이
Nobis maiores voluptas,남서영,이김
Culpa,이동현,최박
Fugiat atque labore fugiat,김지후,(유) 하박황
Dolorem blanditiis dolor,김정순,유한회사 한서김
Illum esse,김영일,조박
Explicabo eos eum,김수민,박박
Ipsa,송현숙,(유) 하
Libero nobis adipisci,김재호,(주) 김황노
Doloribus molestiae ipsa,박민수,안허
Nemo doloribus animi,오예지,이이박
Ea excepturi,이민석,주식회사 홍
Neque,김동현,유한회사 이
Blanditiis ipsam,이순옥,유한회사 서서고
Temporibus,김동현,(주) 곽
Nostrum soluta,박미숙,주식회사 이김김
Saepe odit,이지영,(유) 이오노
Blanditiis praesentium error,윤시우,주식회사 김이구
Placeat error,강영수,안김한
Commodi ea quia,전영미,김박
Quos dignissimos,오하윤,(유) 김곽박
Quam quisquam,류광수,(주) 윤
Sequi ut culpa dicta,김진호,유한회사 류이김
Cupiditate voluptas,최은정,주식회사 윤주김
Esse quas,김성민,(유) 조
Consequuntur in,손현준,(유) 이최남
Dolor eos sint,김재호,유한회사 김
Aut nobis,강미경,안심
Aperiam dignissimos,이준호,엄김최
Consectetur sit at,윤수빈,주식회사 조조장
Odit voluptates illum repellendus,안도현,(주) 최
Quaerat modi,김옥순,유한회사 이김이
Est rem recusandae voluptatibus,강준혁,김최김
Laudantium repudiandae praesentium soluta,김영길,우박김
Beatae quidem,김혜진,유한회사 손박김
Pariatur commodi,최아름,(주) 김
Consectetur corrupti,박지혜,이손
Eveniet esse voluptates provident,한성현,권김
Corporis accusantium accusantium,윤아름,최백김
Iusto praesentium assumenda,김민준,최김백
Earum enim molestias,차지연,(주) 장
Dolorem,김채원,손안
Architecto quos,김성훈,최이김
Aperiam dignissimos distinctio hic,김정훈,이나
Repellat quam deserunt,박승현,홍최
Ab itaque,차정수,(유) 박
Expedita repellendus expedita,임미숙,(주) 양
Voluptatibus magni dolor,오상훈,김김
Qui possimus,구춘자,주식회사 권
Saepe expedita dignissimos,남도현,(주) 이이박
Ea nisi quas,이지민,조홍
Totam repellendus fuga,이영호,(유) 김박윤
Voluptatibus officia ratione,이재호,유한회사 박류박
Sit occaecati,윤서현,유한회사 이김차
Quo molestiae,김재현,(유) 김김손
Occaecati voluptas,양지민,이이이
Accusantium consequuntur quas,박지민,주식회사 황김배
Aliquid unde omnis,김지아,(주) 박
Ipsum itaque labore,강영숙,이배
Consequuntur ratione,이미경,(유) 이박김
Odit assumenda,곽지훈,서박
Porro dolores eum,조준혁,(주) 최
Doloremque rerum explicabo,정성호,주식회사 장
Aspernatur cupiditate illo omnis,차민수,유한회사 박
Quas distinctio,김예진,이박이
Hic impedit eius accusamus,류영숙,(주) 권
Sunt amet eum odit,양성현,유한회사 나고이
Repudiandae est voluptas quo,백현우,박홍
Perspiciatis consectetur minima,고보람,주식회사 김심강
Magnam at,나영숙,이강
Temporibus iste,김혜진,(주) 정
Molestiae cum possimus,이광수,유한회사 김
Blanditiis ut,이영순,박조김
Corrupti adipisci,류지우,박한손
At tempora,강현정,주식회사 류이박
Rerum,강현정,김안허
Ipsam blanditiis voluptates,김준호,(유) 이
Voluptates nam,박옥자,(유) 최최이
Voluptas labore accusantium,오영숙,박박이
Laborum debitis,전성민,박박김
Consequatur minima possimus,이승현,(주) 김박이
Facere dolorem beatae,장예은,이이
Iste totam nostrum,강준서,김한김
Corrupti ipsam doloremque,강민지,박이
Quidem hic iste,양영진,전하이
Optio aut quod dolore,서경숙,박김
Consequuntur,김건우,김백
Soluta quas sapiente,이상철,김김
Voluptatum provident,하병철,주식회사 김
Tempore suscipit,송예원,이이장
Minus unde,정민준,(주) 권주김
Repellendus veritatis necessitatibus,진영식,김박
Laboriosam dolores,이지현,(주) 한류나
Autem iure,김유진,유한회사 이
Unde vel,구하윤,(주) 박
Nostrum corrupti veniam,김현지,강황
Eos hic veritatis,강정호,(주) 이박안
Distinctio iste,노동현,주식회사 김이김
Id vitae molestias,박지현,김한진
Nemo ipsam qui similique,김건우,주식회사 이백김
Natus ullam,차영호,김이박
Aliquid voluptatem,최민지,유허
Reiciendis unde ipsa,최서윤,한김
Voluptatibus laudantium velit deleniti,지영길,이김김
Sit dicta,박지혜,주식회사 김김조
Reprehenderit nihil vitae,곽숙자,고류안
Vero neque,김도현,김윤
Earum,이경희,이정
Ipsa sed ab,김민서,유한회사 최
Non tempora praesentium illo,김혜진,장박홍
Accusamus veritatis,장영숙,안이
Animi unde asperiores quae,오영순,주식회사 한이최
Est laudantium,윤영숙,김김
Animi iusto excepturi,박지혜,(유) 홍이이
Officia occaecati voluptatum,서민석,(유) 서손이
Ullam sint autem,권지은,김김최
Mollitia autem dolorem,김현우,(유) 손김주
Soluta,김정남,이한
Quo ipsa,하민서,최문김
Doloribus occaecati voluptas,김현주,이김김
Nulla eos accusantium,김서영,주식회사 이
Eius fuga recusandae,김정웅,(유) 이
Laborum fugiat voluptate,이승민,(유) 최
Assumenda aliquid commodi,남동현,윤조김
Porro reiciendis,이정순,주식회사 이강허
Dicta ex natus,강경수,조김
Ipsam cum,백현우,(유) 이강김
Assumenda ea beatae,김현지,주식회사 이
Facilis molestiae,김영호,이이송
Sed quae,한재호,황나
Autem necessitatibus officiis,조진우,이고
Dolore rerum magnam rem,김재호,성김
Hic ea,이영자,고고최
Laboriosam,백영호,강김이
Nemo nulla architecto,박준호,(유) 김김이
Ipsa ratione quibusdam,강순자,김나
Error ratione veritatis,김춘자,송노윤
Alias est aliquam,김정웅,노안
Minima debitis delectus,박중수,유한회사 류장김
Occaecati perferendis reiciendis,박윤서,유한회사 이노박
Quia perferendis,김성호,(주) 심강김
Maiores maiores,곽상현,(주) 김이김
Delectus rerum quidem,김현우,(유) 이
Fugiat officia fugiat,김도현,주식회사 권이박
Magnam est mollitia,김광수,유한회사 윤
Alias a,김준혁,황윤배
Repellendus minus recusandae,최지아,이장
Laudantium qui veniam aliquam,이예지,박최
Nisi ab,이정훈,최김김
Harum repellendus tempora,김순자,정김
Non nemo nobis,김예지,박최김
Consectetur debitis,강영호,(주) 이
Sapiente dolores enim impedit,이정수,유한회사 홍송김
Corporis impedit nobis,이영수,주식회사 박
Ex incidunt,조영길,(주) 양
Autem quo,최상훈,유한회사 박
Modi necessitatibus labore nisi,이민준,(유) 이이김
Explicabo,권명숙,김이심
Alias eius ratione illo,오진호,김이박
Vitae tempora harum,정명숙,강최이
Eum sequi praesentium,이아름,(유) 송박박
Perferendis magni dolores,김민재,(주) 김
Voluptatem nisi ipsam,송은경,유한회사 오
Totam dolore atque,황주원,구허김
Provident soluta,김정훈,유한회사 김이이
Distinctio sequi,박하은,이하윤
Iusto qui,김광수,이윤김
Hic iste facere,김시우,강박김
Sunt ipsam nemo,정지영,주식회사 성
Beatae iste,이정숙,유한회사 손이이
Eos at,김민지,양안
Voluptate hic beatae,차승현,백김권
Consectetur ex,최지원,주식회사 김윤김
Voluptas debitis illo,이서영,최이장
Quaerat laboriosam dolores,심재현,주식회사 김
Velit,송지원,이장
Tempore dolore eaque,최서연,이권
Temporibus voluptates amet et,황성훈,(주) 이
Vero quidem,박진호,(주) 오박장
Quibusdam ratione rem eveniet,성준혁,유한회사 주
Modi ipsum,김은서,(유) 박박김
Sit nisi eligendi,김정남,(주) 김
Magni sit dolor,김예진,김안
Eligendi,김상훈,(주) 김
In quod soluta,안영호,유한회사 황
Possimus ipsa ipsum,이현정,유한회사 최
Repellendus ducimus dolore,이정자,주식회사 서
Delectus rerum distinctio,양우진,(주) 배김이
Possimus voluptates accusamus,김민석,유한회사 이
Odio dolores,배경희,유송김
Fugiat maiores,박영환,류이
Tempore ipsum eaque,최준영,(유) 박이김
Voluptate libero amet,강민준,(주) 차
Mollitia in,서은정,(유) 김한박
Culpa cum,최상훈,윤주고
Veritatis nostrum cumque,허경수,문황
Perferendis qui,하예원,박황
Sapiente nesciunt tenetur,최경숙,김김최
Atque incidunt nihil,박상훈,(주) 오류심
Officia nulla veniam,허채원,이이
At totam cum,김성진,유한회사 김양양
Maxime modi,김진우,주식회사 김김박
Incidunt quaerat reprehenderit eligendi,김서연,(유) 이
Dolorem iusto totam,김미영,주식회사 김오김
Qui ex,서윤서,박손
Quas sunt culpa,김예원,유한회사 이이성
Inventore accusamus,박정식,이이
Iusto laboriosam,박은지,김이백
Sapiente beatae,김경자,김남서
Neque non reiciendis,고시우,이양이
Accusamus voluptatem,송준호,주식회사 김
Magni quae nobis,김성수,이이
Nostrum dolores totam,최영식,유김박
Sequi necessitatibus commodi iure,신지혜,유한회사 박박윤
Eligendi omnis,최지우,이김
At harum error necessitatibus,강상훈,장김김
Alias,박지은,주식회사 김박장
Vel maiores cum,김지원,(유) 이김손
Vitae omnis quisquam,장정순,류민신
Voluptatem dicta provident,박주원,(유) 김김김
Dolor officiis tempore,지경자,이안
Nemo provident reiciendis,김영자,장허
Ipsa,서지후,윤김
Dolor reprehenderit,김지현,(주) 하민김
Nemo in,김성훈,박박장
Sed itaque placeat aliquam,심정자,주식회사 문서손
Mollitia,이은지,박김
Iure libero qui,윤정숙,박김
Mollitia dicta,김서준,유한회사 유
Natus esse,최혜진,유한회사 김이박
Qui error,박상철,(유) 배
Incidunt qui,이성민,(주) 김구김
Provident quisquam soluta ipsa,오정훈,(주) 이박이
Voluptas veniam,박지민,(주) 문
Saepe amet sint,이선영,(유) 이
Accusantium ea laboriosam aperiam,엄미경,문김
Incidunt,김건우,허송
Mollitia beatae nemo,황서연,노손장
Incidunt voluptatibus,김경희,유한회사 김
Velit ipsa molestias,하영희,(주) 강
Debitis porro vero,오지현,최송
Autem corporis,최은영,(유) 김
Nesciunt,고동현,주식회사 김
Fugit odio illum,김은서,이안
At laborum,고은지,오이김
Voluptatum natus quas,이혜진,이이권
Facilis non,서경희,유한회사 김서윤
Illum enim saepe,이광수,김박박
Fugit minima,김현숙,(주) 이
Suscipit,박수빈,(유) 장
Laborum ut quod,고승현,정최진
Quos molestiae esse,박정호,최최
Suscipit consectetur amet,김영진,유한회사 박
Placeat cupiditate optio,김우진,(주) 엄서이
Vel,권예은,이송이
Quam similique necessitatibus,손영수,노김
Totam rerum vero,한지우,김김
Perspiciatis assumenda,진시우,(유) 나
Reprehenderit nesciunt,김지혜,이안곽
Nam dignissimos aliquam,김서현,(주) 김
Amet dignissimos reprehenderit quae,심민준,(유) 이김윤
Dolorem autem,최정순,양김고
Enim illum assumenda earum,박재현,주식회사 김홍황
Iure,임민지,주식회사 김
Animi nisi,박수진,이박
Voluptate libero,이재현,(유) 김
Delectus voluptatem quia,류명자,주식회사 송김김
Id provident,이민재,주식회사 이
Reprehenderit laboriosam aliquid,고지은,김하
Tenetur quod,이영철,(주) 최
Dolore quam sed,이정호,장이
Dolore placeat consequatur,장우진,김안한
Perferendis reprehenderit optio,이지후,윤박윤
Rerum inventore,서은지,김김
Vero totam nostrum,오순옥,김이
Nulla,김민준,(유) 구이최
Animi incidunt occaecati,이승현,유한회사 김
Aut doloribus eos,문정희,황김
Quasi quidem eveniet,이수빈,홍김
Veniam libero,이현주,김윤
Eius porro voluptatum deserunt,김민재,(주) 박
Eum eaque,김은경,(유) 김황최
Debitis exercitationem error,김현우,주식회사 이박이
Minus,강지훈,신김
Numquam laboriosam,김영미,(유) 김
Maxime delectus,김성훈,(주) 김
Unde nam voluptate,이혜진,심이
Quis aspernatur nesciunt,백재호,주식회사 한홍권
Hic,김보람,유한회사 이박황
Similique alias quibusdam,김현우,주식회사 이
Fuga iusto,김재현,유한회사 문
Expedita itaque recusandae,이서준,김이
Itaque,이준서,주성이
Ratione ipsum ratione,한지영,안김김
Aspernatur vero,이건우,유한회사 안
Ipsa itaque cum atque,권시우,주식회사 김박유
Impedit laudantium,곽성민,고박심
Aut sit vero,강은경,이김서
Eos blanditiis dolore,구혜진,주식회사 김
Impedit nulla,허명자,유한회사 김권이
Reprehenderit voluptatem,이하은,김최
Modi ab quia,최현준,유한회사 김이김
Esse harum,김영수,주식회사 이정박
Quam reiciendis,조서윤,유한회사 이
Possimus ex,최은서,김김
Ipsam sed,이순자,권서
Minus tempora voluptatem,남서영,이장
Dolorum ipsam repudiandae,이현우,(유) 김이최
Ducimus aliquid,윤상훈,유한회사 이김이
Aperiam distinctio,심정수,이김
Itaque quia,하보람,강이김
Placeat vel,이진호,주식회사 박최임
Culpa quae,김영식,주식회사 전
Voluptas velit itaque,박경자,강차
Dicta explicabo nihil,김경희,이황이
Rerum a veritatis,신상훈,장나최
Distinctio nam quasi,송지영,김김주
Molestias,김보람,(주) 황이이
Delectus doloremque magni,안민수,김임박
Temporibus quo,박승민,유한회사 윤
Facere magni,서성수,(유) 하
Molestias cumque numquam,김영미,최김서
Cum unde soluta,이정남,(유) 최이고
Ab atque soluta,우재호,김최이
Aliquam rerum,문지훈,(주) 박이이
Repellendus omnis quisquam,양영순,유한회사 김이김
Voluptatem repudiandae beatae aliquid,나성호,김이강
Beatae voluptas est,김성진,(유) 김
Provident hic,이종수,박강손
Consequuntur quae,김시우,양황
Tempore ea dolor iusto,김영미,이박
Possimus quos,한재현,차고류
Architecto dolorum culpa,이지우,이김
Unde pariatur,김지혜,이허
Sapiente vel,이수빈,주식회사 윤
Debitis dolore,이영식,(유) 강진전
Eius labore explicabo,구영호,백정문
Enim,심경자,남안
Adipisci beatae corporis libero,최민석,(주) 박
Ipsa voluptates,문은주,주식회사 김
Veritatis sint,김수빈,(유) 한
Nulla nemo,최정숙,이박윤
Soluta ducimus,배미경,(유) 김
Ullam totam repudiandae porro,남동현,주식회사 이
Incidunt perferendis ratione,이서윤,주식회사 김이서
Voluptate id nostrum,김정웅,유한회사 이심최
Inventore similique atque,박성진,이김
Necessitatibus omnis,문종수,한김윤
Provident eum consequatur,김영길,(주) 이우권
Unde ipsa,이성수,주식회사 김
Maiores corrupti,박예준,김박이
Tempore dolorum,윤정희,유한회사 김김장
Natus veniam,이승현,박이
Qui voluptatum dolorem,강경희,최김
Suscipit pariatur,홍영순,김김배
Quibusdam doloribus,최보람,박김
Mollitia deserunt ad,정보람,유한회사 김김이
Voluptatibus rerum,김예은,김김
Quasi amet incidunt,한보람,(주) 김
Velit asperiores,장준서,(유) 박김최
Necessitatibus quis vitae eveniet,이서준,주식회사 구
Ex dolorum,서현정,유한회사 김정김
Corporis provident laborum,권정훈,(주) 신
Est doloremque,이순자,유한회사 김
Sequi nesciunt dolor,손정남,주식회사 김
Unde maiores a ullam,이현정,(유) 최
Quos dicta,김지후,(유) 서김강
Velit eos assumenda,김순옥,심김박
Corrupti,양정남,이강
Eius animi ratione id,장지아,김이나
Ut aut,김상철,유한회사 김
Nam animi possimus,안지은,유한회사 이
Minus,박진우,(주) 배박오
Aliquid aut,박지후,(주) 노
Repudiandae,곽영수,이류
Facilis delectus aperiam,이은경,유한회사 김
Rerum quidem,오지현,주식회사 이이김
Inventore consequuntur,송성진,송박손
Dolorem,이정숙,(유) 장
Tempora at et,이현숙,김이이
Exercitationem,한은지,주식회사 백박한
Explicabo ea,황성호,유한회사 이
Earum occaecati dicta,주영일,강안
Cupiditate quae,박미영,한권
At nostrum,장경숙,박황
Repudiandae assumenda voluptate aliquam,박아름,(주) 하이박
Blanditiis odit,강준혁,(주) 허김권
Porro eaque eaque,박영길,장양권
Optio,김진호,(주) 손허김
Dolor deleniti molestiae in,김명숙,주식회사 황
Illo quis repellat,박민서,(유) 최
Aliquid illum,박지훈,김김허
Ut in,백정자,박김
Saepe cupiditate cupiditate,이선영,이최
Maxime at blanditiis,문현우,이김
Dicta deserunt,조건우,(유) 이최최
Inventore,박하윤,주식회사 양
Dolor,김순옥,유한회사 이남이
Animi dignissimos explicabo,김상현,유한회사 배김김
Quaerat facere cupiditate,이민지,(주) 김
Neque,박지원,유한회사 이
Temporibus illum,박도현,이홍안
Cum iusto,권미정,황박이
Quam,이지후,유한회사 서김김
Provident sed accusamus voluptate,이승민,(유) 손김김
Suscipit maxime dolorum,박경수,(주) 강
Consequuntur autem,오숙자,김장
Alias hic,심미숙,박손
Laboriosam sint cumque,김지우,주식회사 류
Nostrum dicta magnam,윤성진,김고
Molestiae officia laboriosam,박정훈,엄김
Aliquid rerum,성중수,이오백
Pariatur sapiente eum veniam,오예준,유한회사 최김장
Vitae saepe,서미정,주식회사 류
Eaque,황유진,(유) 박윤박
Ut laboriosam,김경수,장박
Necessitatibus similique,허채원,최장
Cumque sequi,이지원,최우김
Excepturi possimus,홍영미,(주) 남이최
Accusamus molestiae ipsa,박은서,김배
Laboriosam eos,이정숙,이이
Voluptas amet ipsum molestiae,구지영,김박이
Sunt necessitatibus,곽준영,(주) 박
Voluptates doloremque,안경수,백이이
Cupiditate delectus sunt,곽민석,(유) 김류최
Ipsam exercitationem,오민준,유한회사 신고김
Voluptas blanditiis,박영호,박박윤
Culpa labore,김성현,윤박신
Quo ducimus porro odio,이영희,유한회사 김강배
Accusamus quos excepturi,이미정,김이이
Ab eligendi magnam sint,조영수,최안박
Praesentium corrupti,손예은,(유) 박김김
Earum in,김은지,(유) 윤
Dolorum perferendis,박시우,박최
Ad facere a,한지우,(주) 김이이
Neque non quae,홍영미,유한회사 김
Porro ullam,전경자,(유) 백이박
Dolorem minima,박재호,주식회사 류주민
Neque odit corporis,윤예은,유한회사 류
Quos pariatur neque,김영일,권이정
Libero nostrum quos,백지후,주식회사 김김김
Aspernatur,김승현,(주) 고
Quasi impedit blanditiis,최민석,김신이
Unde excepturi eos corporis,안민지,주식회사 홍박정
Quos exercitationem nisi,윤진호,문강이
Consectetur possimus quas,김현숙,주식회사 장김김
Unde natus tempora quibusdam,송도현,(유) 윤이진
Itaque ratione ipsum voluptate,박민재,주식회사 김남이
Corporis saepe,김미정,박오하
Quis possimus cum,김재호,이김오
Iure esse corporis,김영희,홍이
Iusto dolorum ad,손미숙,이최
A dolorum,이정순,주식회사 김
Saepe eaque,김성진,(주) 박
Debitis,김서연,주식회사 황
Quod culpa,박진호,주식회사 박박최
Vel commodi deserunt,황병철,한김성
Tempora consectetur deleniti,최성훈,유한회사 김김성
Libero repudiandae,박영철,(주) 박한최
Atque,안수진,김오박
Odit est,박종수,권한김
Natus voluptates,이예진,이배
Repellendus ab id,한채원,김권김
Vero molestias ut,최성수,(주) 김황남
Nam recusandae,서정호,홍박
Quasi eligendi,강영호,박곽
Eligendi nulla,황지우,(주) 손
Cumque natus aperiam,김도현,강박최
Quos sint quaerat,이경자,박류남
Fuga laboriosam unde officiis,강정호,주식회사 최이최
Ducimus rerum ratione,우지민,정박장
Quaerat expedita,김시우,유한회사 김김박
Possimus provident,김민준,송최
Culpa natus eveniet,박동현,강이
Eius deserunt laboriosam,박영호,조김
Error quisquam corporis repellendus,김정웅,이김김
Id voluptatem,윤지우,한배
Repellat minus iusto,이순자,윤김
Error,박현지,박김김
Minus nam,하보람,(유) 이이박
Ut iure,서혜진,김김김
Vel voluptatem,박정숙,이김주
Unde magnam,송서현,(유) 성전오
Fuga porro quisquam,김예원,이김이
Blanditiis quaerat,이명자,유한회사 이
Perferendis voluptatum,이민서,최박
Vero hic,박수빈,주식회사 김황고
Molestiae exercitationem,임지훈,김김최
Tempore occaecati,윤예준,한심박
Odit inventore,배정훈,윤박문
Dicta atque,김시우,임차
Alias et atque,김성훈,(유) 문이서
Voluptate velit illo,노순옥,유한회사 최
Exercitationem delectus,김채원,주식회사 곽박김
Illo,류채원,김전강
Impedit excepturi,서정수,박최
Ipsa illo explicabo,최예원,주식회사 김김김
Adipisci delectus,이민준,김최
Excepturi ratione,성현주,이오손
Distinctio blanditiis,이보람,박이하
Perferendis deserunt,지영철,(주) 이강구
Ipsa commodi facilis,한병철,황박장
Ullam ipsam illo,박수진,이김
Neque debitis laborum,김숙자,이서백
Accusamus porro,윤시우,(주) 박김이
Culpa id maiores,김춘자,김윤나
Eligendi saepe,윤성민,서노
Enim ut iure sed,김순옥,박권김
A quis,김정자,주식회사 김신김
A mollitia natus,김영식,오문
Sint,민영철,엄박
Incidunt corporis,이준영,유한회사 장
Numquam excepturi voluptates,심성진,유한회사 송양김
Perferendis occaecati,배정호,유한회사 박
Optio totam minus,최보람,강윤
Magni in quae,김춘자,유한회사 김
Corporis placeat facere,남현지,김박김
Aut modi,하중수,(주) 박
Explicabo nisi,이민수,김박
A alias,김성현,곽양
Officia doloribus,김건우,김송
Nostrum minima tempora,김동현,(유) 김
Neque magnam temporibus,이영순,심김
Perspiciatis,이정식,최손차
Architecto,임민서,이윤권
Voluptatum maiores,김춘자,김강이
Doloremque quod,박현정,주식회사 최김김
Beatae labore iusto,이은서,장오하
Fugit deserunt magnam,김진우,(주) 권
Sit tempore,김성호,이이
Vero mollitia occaecati,윤영순,이김
Voluptatum vitae maxime,이정숙,(유) 이
Beatae totam libero,심정순,(주) 이이김
Possimus eius,최영자,허안
Officia a totam,김준영,(주) 백
Facere aliquid esse fuga,서정수,주식회사 남한남
Optio odit harum,송정웅,문김
Dolor ea,박종수,최한이
Iusto sit,고정자,이허이
Libero perspiciatis,나영순,이한허
Deserunt recusandae occaecati ex,서현지,강박김
Magni praesentium,김성현,(주) 최
Culpa optio ex,안서연,(유) 박황이
Nobis incidunt,이지후,윤김장
Nisi facere,전현숙,(주) 배최박
Repudiandae dignissimos,안정호,유한회사 김
Facilis quos error esse,민영수,김김박
Distinctio perspiciatis,배지후,한이구
Fugiat nemo nulla,이숙자,(주) 이정권
Qui soluta vitae,박혜진,유한회사 이
Itaque consequatur quis,박지후,유한회사 이
Sunt debitis,장도윤,이이
Beatae in quasi,이상훈,(주) 이
Ea corporis,박지은,김김권
Nemo itaque,권유진,이김윤
Soluta quam,김미정,김이박
Veritatis blanditiis id tempore,박은경,박권
Optio fugiat,강건우,유한회사 성김박
Hic repudiandae nulla,이지후,송김이
Nesciunt et consectetur,최현지,고이강
Eveniet cum,한민지,(유) 김
Numquam numquam,전순옥,김최김
Debitis repellat harum,장은서,(주) 손김김
Sed quas fugiat,정지아,최곽
Nesciunt quae,김정수,김성
Culpa vel,김명자,(주) 노박고
Earum autem atque nobis,이예원,최손
Explicabo laudantium,고상호,유한회사 안
Ipsa minus odio,강수진,유한회사 장송김
Mollitia inventore doloribus,김정희,(유) 윤문이
Eveniet nostrum fugit,차정호,(유) 이
Soluta hic asperiores,박은경,(유) 이남배
Aliquam eaque dolorum odit,김윤서,김김
Eaque magnam,이순옥,정강전
Consequatur enim natus reiciendis,김지영,박진
Amet iure,오진우,유한회사 조최박
Velit hic laborum,서지영,(유) 김박서
Minima illo possimus,최성호,차박
Suscipit nemo deserunt,장혜진,박이박
Eum natus ipsum,이순옥,(주) 윤김김
Quasi illo,김정식,오이전
Repellat commodi,배지연,주식회사 이권박
Maiores doloremque doloremque,권지혜,이김김
Vel est,김상현,(주) 김
Doloremque quae iste,김경자,(주) 김백고
Amet labore exercitationem,김도현,(유) 차
Ipsa quam fugit,김윤서,김이
Nihil maxime,최하은,유한회사 노이구
Magnam praesentium aspernatur,김정순,강홍송
Adipisci amet in,최지영,유한회사 최
Delectus pariatur error,박동현,(주) 박김김
Atque nesciunt,김지혜,유한회사 김김박
Quas accusantium,이광수,(유) 노김김
Minus alias,강영수,주식회사 김
Doloribus ad,홍정호,장김강
Culpa,강준호,김김한
Voluptatum recusandae possimus,김서현,서조이
Ipsum repellat voluptates,우정수,지신박
Praesentium officiis quia,송현우,주식회사 최
Consequatur commodi libero,이지우,김박강
Explicabo natus,심영일,(유) 김이최
Repudiandae quibusdam mollitia,김병철,유한회사 김
Reprehenderit culpa atque architecto,고선영,유한회사 이
Sit maxime cupiditate,황영식,유한회사 이이류
Inventore iste ratione,김영숙,(유) 김
Maiores voluptates,이동현,김송이
Culpa temporibus repellendus,박상호,유한회사 김
Necessitatibus pariatur aperiam,이예진,박전이
Mollitia nemo,박준서,김류허
Cum magnam aspernatur,박현우,김곽
Voluptatum id occaecati similique,백미정,최이
Sapiente tenetur distinctio,이성훈,주식회사 황
Reiciendis illo,박동현,류박
Tempore ea,윤정훈,(유) 장
Quod iste eligendi,이성진,주식회사 최엄김
Sequi odit,권서윤,이이
Nam necessitatibus sint,김정숙,김고김
Esse nam perspiciatis,성정훈,유한회사 김신김
Odio tenetur facilis,차하윤,이김
Praesentium eligendi,이예원,주식회사 김
Omnis reiciendis libero,장준호,주식회사 김김주
Doloribus sed ad,차정숙,조오
Exercitationem officiis sint,김수진,지우노
Quisquam asperiores dolorem voluptatem,김영자,유한회사 최
Veritatis est,이정남,유한회사 고이하
Autem soluta dolor,김옥순,주식회사 박권장
At quas magnam,김예지,주식회사 강최손
Nihil,김숙자,유한회사 김권유
Necessitatibus pariatur quis,안영자,유한회사 최최권
Libero expedita vel,최은주,(주) 송
Labore at facilis,김영환,박이류
Suscipit nisi maiores,김성수,김장김
Repellendus facilis aperiam,김영자,이박차
Quis aspernatur,박지우,최이
Et dolore,최예원,권김권
Doloremque accusamus,김현정,윤김서
Est eligendi,박민수,주식회사 김이박
Enim repudiandae minus,서선영,김김
Facere,김영일,(유) 김
Voluptas sed,장은지,김노
Dicta adipisci,강영진,신임
Iusto quod veniam,노도현,정한강
Odio delectus consectetur,김건우,이김
Soluta facere,조지현,나이박
Maiores possimus,이승현,백서
Fugiat,김준영,(주) 김문이
Autem aspernatur,강지후,강김안
Sunt ipsum unde,이성현,주식회사 박
Ratione mollitia,조예원,김강
Fuga similique odit,박현우,(유) 서이김
Laborum corporis quos,홍경수,유한회사 박
Voluptatem veritatis possimus cum,한정희,(주) 강
Magni a,김유진,(주) 백김우
Vitae consequuntur ratione,박정남,주식회사 최최이
Natus maiores rem,윤민석,김강김
Praesentium facere,김숙자,박양
Distinctio cupiditate,윤수진,유한회사 박
Explicabo impedit nisi,박영희,김홍조
Quasi,윤현정,유한회사 이
Pariatur pariatur,오미경,유한회사 김이이
Corporis praesentium,박지혜,이김
Enim quasi repellat,김미숙,유한회사 최이남
Modi similique natus,홍춘자,권강안
In ratione laboriosam,권상철,이이
Provident possimus,곽영길,유한회사 최
Incidunt quasi doloribus,김윤서,배김
Odit debitis doloribus,문현우,이김박
Earum ab amet,황미경,지윤
Iste amet,한진우,주식회사 안김김
Odio voluptas necessitatibus,이민준,(유) 김이이
Exercitationem impedit,허종수,(주) 안
Laborum dignissimos,이정숙,(주) 김
Facilis non,이병철,이박이
Nesciunt reprehenderit,윤중수,최김박
Dolores accusantium,홍영진,유김이
Recusandae saepe,허성훈,(주) 손윤박
Ratione,이은경,이구임
Odio occaecati rerum explicabo,양병철,하남
Fugiat vel illo,김보람,(유) 최최류
Neque cupiditate,한예원,유한회사 김
Eos officia aperiam,지예준,박이
Totam quam,김지영,(유) 김
Perspiciatis molestias molestiae,이상호,(유) 김
Nam saepe doloribus,하지후,박김
Commodi,박경희,박이
Harum similique exercitationem provident,김상철,안김이
Fuga nisi,문상호,유한회사 양오박
Officiis minus autem,김은서,송김이
Cum temporibus,박지아,유한회사 나김김
Molestias excepturi,강예원,(주) 이김박
Repellendus quia optio quod,백은주,김김
Minus,최성훈,(주) 김김오
Itaque quam iste,임은서,유한회사 김김노
Vitae tenetur,김경희,김김박
Adipisci rem libero,박지현,(유) 이안김
Cum nisi,최지혜,남박최
Molestiae,박광수,허손
Occaecati,이성진,강박
Voluptates necessitatibus,한정식,이서
Tenetur laborum,백정남,주식회사 이
Quis minus eaque,김상훈,서이
Quas amet culpa,최하윤,구서
Quibusdam enim,김유진,한우
Qui eaque perspiciatis,이도현,주식회사 이김박
Illo molestiae nisi,오병철,김이김
Unde itaque illo,최수진,홍김
Asperiores tempore,이영순,(유) 김
Quas possimus,최은정,(주) 최이윤
Laborum cumque,김명숙,장이김
Hic voluptatem quod,김지영,노김이
Perferendis sapiente,이우진,(주) 최김이
Quos quaerat odit,이지은,한김
Iusto magnam amet,권지아,한김
Mollitia laboriosam,강은지,(주) 김
Temporibus sequi voluptates,김지원,최김
Minima,황보람,김유김
Possimus nostrum,김윤서,주식회사 박
Ea ex aspernatur,민상현,이박
Excepturi facere ut,박상현,(유) 최송김
Optio vero minima,이경자,윤최나
Beatae quam,권승민,유한회사 이
Saepe dicta,손민수,(유) 이
Esse ducimus,김현주,유한회사 김
Officiis,김서윤,김김
Quasi error,오준혁,권이
Esse ratione,김은주,(주) 이이최
Reprehenderit saepe,송영희,(유) 이
Consequuntur ut,김영희,장박
Id perferendis,김민준,황이이
Suscipit mollitia non,송현주,김엄
Aut ipsam,김영일,이박
Voluptatem suscipit corrupti iure,이지현,박김한
Dolore corrupti veniam,배예원,이김
Et alias nihil,정재현,유한회사 김
Delectus nam repellat,민경숙,(유) 김김김
Magnam recusandae,최보람,주식회사 이
Et,김승민,유한회사 장송박
Unde quia at,이미숙,이안배
Reprehenderit maxime,김현정,유한회사 전김나
Amet voluptate voluptatibus,박미영,(주) 김이김
Rerum magni esse,김경자,(유) 전김김
Excepturi eius corrupti,이옥자,(유) 박
Enim quo nesciunt,김중수,장이
Quisquam nesciunt,박승현,김박
Labore nisi nam,김상훈,박이이
Dolore,권진호,김이강
Aut ullam,문영순,윤박
Dolorum harum esse,윤순옥,최김김
Fugiat aperiam deleniti,김상훈,(유) 김
Explicabo,김동현,김김
Numquam eveniet,이정웅,(유) 박
Quidem ea quasi,김영식,오강강
Libero nemo blanditiis,김준호,주식회사 김
Odit inventore dignissimos,김영일,남김
Numquam cupiditate ut,이상현,배우김
Nulla suscipit,김진우,(유) 배
Modi praesentium,한은영,이김
Nihil deserunt,고은정,(유) 주김송
Eius nemo amet numquam,김성현,나고
Reprehenderit qui ea,한지민,(주) 정임김
Architecto occaecati,김정자,장강
Voluptatem doloribus,박수빈,(주) 서
Expedita quidem fugit,이정남,김김
Natus natus,고은정,이이
Quos enim debitis,서정남,윤이
Exercitationem earum,민서현,유한회사 조김이
Laudantium laboriosam,이성진,주식회사 백김이
Corrupti nulla inventore,우경수,박홍김
Tempore nulla impedit eius,박도윤,유문
Nostrum quaerat et,박정훈,최손김
Occaecati odit ipsam deserunt,서영호,강박서
Dolorem repudiandae dignissimos,김지영,주식회사 박지박
Dolores reprehenderit maxime,서우진,강백김
Est nesciunt,이지훈,(주) 김김김
Deleniti magnam ut eveniet,조광수,송오홍
Ipsa fugit,박지아,김김양
Eligendi pariatur repudiandae,최영진,김권이
Laborum laborum,장재현,(주) 김김이
Suscipit nihil,박영식,유한회사 홍박박
In dolores rerum,김재호,김백이
Quisquam mollitia,허지훈,(주) 엄
Harum nisi,안아름,최윤안
In,이은서,권김
Perspiciatis assumenda,임성민,유한회사 박우서
Exercitationem odio animi,김옥자,이이
Expedita nostrum,박진호,유한회사 정강서
Commodi harum explicabo,김상현,홍유이
Quae amet,한정훈,최김김
Voluptas nemo rerum,황춘자,주식회사 김이김
Dolorem at,박승민,유한회사 김박김
Nesciunt officia minima,오민준,박이고
Cumque hic,김수빈,(주) 김김심
Beatae commodi,류영희,(주) 황김황
Assumenda aut,김성수,김임
Ipsa officiis debitis,전미경,유한회사 곽
Recusandae ad praesentium,김지혜,(주) 김
Blanditiis officia,김옥순,(주) 송임진
Voluptates quibusdam sed a,김영호,권신이
Quis quasi,남성진,김진
Dolorum atque,박정희,(유) 김최김
Eligendi enim quis,강예원,(주) 서최김
Eos quae perspiciatis,박준영,김강
Aperiam molestias modi,류경숙,윤김
Ipsam,허미영,이장
Culpa architecto,허현우,김송
Totam cum molestiae,양숙자,최홍
Consequatur sed quo,김영순,주식회사 이
Rerum,김수민,(유) 강
Cum illum velit,박정희,문심
Aperiam facere provident,장명숙,노박
Adipisci voluptatibus voluptas,김민재,(주) 이이김
Veritatis repellat,김종수,이심서
Hic magnam,이영길,(유) 박정홍
Nihil architecto,김동현,유한회사 이
Cupiditate delectus,송은서,류류
Praesentium hic,이정식,손이
Optio enim minus maiores,오정숙,주식회사 송
Nisi beatae cupiditate voluptatem,이미숙,김홍김
Enim natus,박춘자,(유) 김정이
Quisquam quidem,김정수,주식회사 권
Recusandae quia voluptates corporis,최은서,김이
Sapiente aspernatur,이예지,(주) 이
Sequi quas quos,박지영,강엄이
Labore vel in,박성수,박김김
Veritatis facere,이승현,서박
Vitae omnis voluptate,이현주,김이
Quia,이민수,김권
Quod perferendis nobis,이영진,(주) 지
Nulla libero in,박순자,한김
Magnam assumenda,허영환,(유) 김양조
Beatae ea sint,윤우진,(유) 우
Corrupti quo exercitationem quam,김영수,안차이
Consectetur rem,한승민,유한회사 윤이김
Minus iusto exercitationem,이정호,송김김
Ex a ipsa quo,박민석,김허김
Minima cumque quaerat,김보람,김윤장
Asperiores aut dolorum,김영환,주식회사 김
Sequi adipisci quod,윤영자,민김우
Quidem sed a,문서준,장박류
Odit sed vero,최지혜,이하김
Magnam exercitationem,최지영,유한회사 박박안
Unde iure reprehenderit,고진호,유한회사 장류김
Expedita dolorem,문상호,(유) 김
Nobis fuga exercitationem,오옥순,황윤
Quia nulla earum,김은정,이이
Tempore quidem quam,김숙자,김김
Eaque explicabo,이상호,김김박
Deleniti rem,심하은,주양이
Qui illo vel,이정호,(주) 송
Exercitationem corporis,심성진,한김이
Distinctio ad delectus,최경자,(주) 김
Pariatur,윤종수,박홍
Minima natus,이성민,(주) 김이이
Qui eligendi excepturi,홍명자,김김이
Repudiandae dignissimos,김지현,(유) 박
Adipisci sunt exercitationem,박진우,유한회사 이
Libero nobis sapiente facere,박지현,이박
Rerum facere ipsam,김경희,주식회사 허
Velit non asperiores,김영철,윤조
Praesentium aliquam deserunt cumque,허순자,민송최
Debitis reprehenderit esse,한준호,(주) 김송이
Soluta,박영수,김윤윤
Laborum qui at,김정남,안이이
Praesentium laborum,이현지,유한회사 배오권
Dolorum eligendi,심동현,김송강
Est voluptas et,박채원,주성김
Explicabo saepe,이은지,주식회사 조
Ullam nostrum error,백성호,(주) 이
Provident exercitationem,박현주,(주) 이강김
Qui explicabo,김성민,주식회사 진이조
Quaerat praesentium adipisci magni,김정식,(주) 송
Accusamus incidunt,이정수,(주) 이이김
Odio repellat,김현준,(유) 김최김
Nemo quaerat,최은지,황이최
Deserunt cupiditate,김민수,배박
Soluta autem perspiciatis voluptatibus,윤종수,주식회사 김
Illo occaecati temporibus,박미경,박장김
Sit voluptate natus,한영미,(유) 엄이송
Neque saepe necessitatibus facilis,김경수,주식회사 이이조
Delectus voluptas officia,성순자,서박
Laudantium,김지후,주식회사 김
Inventore,홍중수,주한박
Dolores sit,최미경,강김
Excepturi aspernatur,김성현,(주) 김
Expedita iste rem,김정웅,주식회사 강한박
Velit perferendis sint,김영희,주식회사 이
Totam expedita nihil laborum,박지영,박박장
Magni optio,남주원,주식회사 김
Libero blanditiis,박보람,김류김
A facilis adipisci,이성수,(주) 김
Tempore debitis earum,윤민석,유한회사 문손윤
Deleniti maxime,송옥순,이양성
Cumque tenetur facere cum,류경희,(유) 박박박
Minima quidem sunt,조채원,주식회사 이
Id ea,김상호,노박황
Necessitatibus eius,송지훈,이홍
Ut alias rem asperiores,이서연,주식회사 김김김
Aliquid ex,노서준,유한회사 최
Non at doloribus,구민준,(주) 류
Laborum est,권정호,박이이
Totam ipsum,권재호,(주) 장
Maiores officiis,김승현,김이김
Cum quaerat ea,이지훈,오김이
Alias totam magni,안종수,주식회사 이
Numquam qui,이영자,황이최
Quas occaecati,김윤서,김김
Itaque facere voluptatibus,최광수,박안
Aliquid,이현정,최강
Alias et,문정훈,배김박
Enim voluptates,이영숙,허박
Blanditiis unde,김서준,유한회사 오김김
Tempora unde,김정숙,이안
Enim natus,강광수,주식회사 김
Deserunt consectetur quam veritatis,진영호,이김
Voluptates blanditiis,박준영,윤김박
In voluptatem illum,김정수,(주) 고이최
Rem voluptatum expedita,이은서,(유) 김임김
Minima debitis voluptatibus,노성호,(유) 이김김
Voluptate ad,김은정,이구
Id maiores culpa,진서윤,(유) 하이정
Ea error,김도윤,(주) 손전안
Adipisci rerum,이미숙,(유) 김한류
Itaque rem necessitatibus,이지혜,허김김
Quos at ex,오상호,박강김
Placeat veritatis numquam,김지현,김송
Temporibus,성현정,주식회사 강
Magnam quidem,김하은,김고
Quam ad,조예원,윤구이
Nobis praesentium dolorum,손진우,허이김
Aspernatur modi nam,우영진,주식회사 박권김
Corporis officia rerum,송준혁,김김강
Nostrum,황승현,주식회사 김류나
Reprehenderit consectetur doloremque,박영철,강윤
Iure voluptate tenetur eum,박영진,안최
Harum quasi,김성수,(유) 류
Quidem veniam,김은정,유한회사 이이박
Error neque,김지연,김박
Amet labore,윤승민,김이
Rem totam,안정순,박이
Iste iusto reprehenderit,김경자,주식회사 전
Neque,윤지훈,(주) 이
Distinctio velit,황은영,이고
Eius molestias itaque,최지혜,주식회사 박서이
Ab facilis maxime,박순자,김김
Id perferendis pariatur,이우진,(유) 박김김
Sed sed dolores,배재현,(주) 이장박
Nisi inventore blanditiis,양영길,이이
Dolorum perspiciatis quidem,이서준,유한회사 김
Quia totam,이영식,백이송
Sequi,김정훈,박이
Dignissimos corporis,김병철,문권김
Excepturi vitae,김준서,주식회사 하
Velit sed,윤승민,주식회사 장
Quaerat repellendus repellendus,남민서,지김
Commodi odit,최성훈,최권
Suscipit,서영미,유한회사 이
Omnis ducimus culpa,윤서윤,(유) 김
Quisquam sapiente,김명자,(유) 김김김
Adipisci ea perferendis,김영미,김안하
Eos cupiditate,권성호,최최
Exercitationem commodi,류지현,유한회사 김이박
Rem quibusdam ut,박경희,유한회사 권조고
Fugit,송혜진,손이
Officiis nam sunt,황성호,주식회사 류박이
Impedit error,박수민,김유
Quasi aperiam iure,전하윤,(유) 김강김
Ullam explicabo,이예원,김한류
Aliquid officiis sed,박지훈,(주) 문김박
Velit fuga ipsum,김민준,주식회사 장
Explicabo sit minus,이성수,박이
Non numquam inventore odit,박경숙,(주) 황
Hic mollitia,이주원,장송
Soluta occaecati,이현지,장한
Laboriosam accusamus,민성민,강안
Libero dolor praesentium,김성호,유한회사 김
Est quod ad,박미영,권장김
Quaerat nostrum quidem voluptates,홍미영,유한회사 진서김
Cum ullam,송성현,(주) 이
Voluptatem aut,최현정,송김곽
Exercitationem atque eaque,김유진,주식회사 손
Rerum quae,김상현,손김
Maiores alias illum iste,안지훈,이배
Delectus quod,김영희,주식회사 한송최
Optio alias,남예준,오최
Voluptas explicabo eligendi,류미정,장김이
Qui nesciunt,김준호,(주) 최
Exercitationem facilis,황민수,주식회사 문박김
Corrupti autem a,류상현,(주) 양우강
Blanditiis nostrum voluptas,김준호,김김
Itaque ratione,이진호,류홍
Iste voluptates suscipit,박채원,김이엄
Perspiciatis blanditiis,서동현,김김
Deserunt a,배은지,김이
Ipsam pariatur,노지후,주식회사 황고조
Delectus minus,차지후,김문
Ut culpa possimus aliquid,허병철,(주) 김
Minima error,전중수,양최
Reprehenderit reiciendis dolorem tenetur,박순자,(유) 김김고
Atque cupiditate,김아름,최유황
Totam nemo rem,이은정,김박
Aut architecto commodi,한지민,김조유
Voluptatem tempore,김지아,강최
Magni accusantium,장우진,강남박
Magnam impedit,김상철,주식회사 류이김
Maxime sequi beatae,김준혁,(유) 이
Sunt possimus,김옥순,김박
Dignissimos quam vitae,김민준,이신
Excepturi quas doloribus,강영수,유한회사 박김이
Optio animi perspiciatis,정준영,안이
Repellat tempora,김민수,김차
Placeat optio minima,이명자,주식회사 박
Adipisci iure,권명숙,김이백
Quod autem dolores,강하윤,유한회사 김고안
Veritatis quam,신지현,주식회사 이
Nisi architecto,최지민,박성김
Earum voluptates,황현정,우류
Eum quibusdam ullam,박성진,(유) 최박이
Labore nam dolores,강서현,김유
Delectus dolorem,진하은,주식회사 심이임
Occaecati voluptatibus cupiditate,안준서,이김
Totam facilis,송재현,주식회사 한류이
Eos provident,최은영,김홍
Atque id aspernatur,서정남,(주) 이박문
Aperiam doloremque,윤지원,윤배이
Maiores,박준혁,최문김
Laborum consequatur quos,이서연,배최
In aut facilis,김영순,차이
Itaque quas voluptates,박성민,(주) 김이이
Dolorem quisquam aspernatur,윤영미,(유) 조주성
Tempore dicta,이영희,김권김
Repudiandae unde necessitatibus repellendus,이서윤,김이
Dolorum fuga praesentium labore,김진우,주식회사 박
Cupiditate ad unde debitis,박수빈,(유) 최이김
Velit,홍민서,유엄박
Inventore repudiandae,우영철,이오
Quia aliquid perferendis,박경희,유한회사 송권김
Nam ducimus,김민지,주식회사 윤
Aliquid officiis,김정호,(주) 박
Officia hic unde,강영진,(유) 한
Ullam debitis,이지영,(주) 김
Nam quam nam,김영환,백오윤
Beatae quibusdam error veritatis,류영진,최김황
Quia quas,박진우,유한회사 김
Quam repellendus,허현지,권신권
Autem temporibus,배춘자,주식회사 박
Molestias dolorem,이준서,주식회사 박고윤
Consectetur praesentium dolore,김영미,오오김
Aut molestias vel,이민재,류강
Quia tenetur quis,김예준,주식회사 이
Assumenda expedita,김민수,이김최
Tempore autem dolores,이시우,권서박
Quas iusto,이진우,김고
Nemo numquam,김유진,유한회사 김
Necessitatibus dignissimos,김은정,박곽
Cum assumenda,손지아,(유) 이주김
Ipsa ut,김영순,강최남
Nemo tempore,김도현,이손오
Nisi at voluptates assumenda,하채원,강박김
Iusto magni beatae,심상현,주식회사 이하전
Id dolor dolor,송민준,한손
Omnis incidunt amet,이상철,한박
Voluptatem quod,양은지,최박
Maxime corporis possimus,이지아,손김
Eius ad illo,김도현,주식회사 김
Omnis neque hic,김정호,권손권
Itaque odio,서광수,장장
Hic dolores sequi,최상철,김한
Unde quis,이정훈,박안
Nostrum ipsum,김민수,엄백
Omnis ad minima,김경숙,박최박
Quas,이민수,유한회사 노홍이
Veritatis nesciunt,진정식,박김
Odit voluptatem necessitatibus,이경수,(유) 한
Nulla aperiam,김민수,주식회사 박김김
Repellendus rerum,이정훈,(주) 권
Sit ut a illum,윤은정,김곽
Itaque numquam,강민지,김류김
Suscipit optio officia sunt,김춘자,주식회사 김박박
Reprehenderit eos labore,홍성수,박서
Voluptatibus,김종수,박황
Quod laborum,김지영,(유) 이김심
Earum velit iste,강민서,주식회사 송이권
Debitis aperiam quia,최지연,홍이박
Asperiores et,김현주,박조김
Nisi doloribus,김승민,박이
Facilis exercitationem,서옥자,주식회사 김이장
Architecto doloremque consectetur,김지민,홍김
Omnis incidunt quasi,이중수,유한회사 김
Rerum laudantium distinctio,김민재,고송
Odio quisquam,박지아,이김황
Esse error,백지원,노황오
Eligendi maiores quibusdam,고서현,유한회사 오
Distinctio labore,심영희,황허장
Vero temporibus labore,박정자,박최이
Architecto fugiat cupiditate,이예준,박권이
Rerum repellendus incidunt suscipit,안지우,주윤
Corrupti laboriosam,최주원,(주) 최박김
Culpa necessitatibus corporis,한유진,(유) 김
Eligendi illo,이윤서,주식회사 한
Corporis,이지우,(유) 김최권
Fuga eveniet,성옥순,김이김
Consequatur perspiciatis tempore,김하윤,(유) 김
Corporis asperiores quae,조은정,유한회사 송홍김
Facere voluptatum aliquam,박혜진,주식회사 장김우
At deserunt,허영자,손박
Ratione accusantium dolores,고지민,주식회사 최한이
Dolorem ad,김은지,(주) 황김박
Nesciunt blanditiis,이옥순,(주) 안
Natus ducimus,최미숙,(유) 이이민
Voluptas rem,안민준,(유) 우
Praesentium in alias,고경희,김박
Commodi ut laudantium officiis,최도윤,유한회사 김
Quod ab,심지아,(유) 이
Hic ex laudantium unde,윤예준,김손
Harum molestias,배수진,(유) 한
Ipsa temporibus,김영미,오김
Facere officiis,구현준,류안
Deleniti maxime dolores,김성호,이김김
Labore quaerat dolorem magni,최종수,유한회사 윤박윤
Animi dolor autem,이영환,(유) 민
Earum aliquid,김종수,백이이
Maiores nostrum hic,최수진,김이한
Earum cumque,오민준,박이
Dolorum autem nisi,지수빈,이최
Unde repudiandae nihil,이미경,유한회사 김
Iste aliquid excepturi,김보람,윤고최
Odio exercitationem dignissimos,김경희,이이
Blanditiis praesentium dolor,박현우,김송김
Iusto voluptates,김은지,김안장
Adipisci veritatis,이중수,류이
Perspiciatis aperiam earum,배은경,민이이
Mollitia occaecati consectetur doloribus,민승민,주식회사 강
Placeat rem enim,박현지,박권최
Doloribus veritatis ea,강정웅,주식회사 이김최
Neque quae dignissimos,서숙자,박김윤
Voluptatibus voluptatum aliquid,김채원,최이
Temporibus,강영호,(주) 박
Cumque mollitia occaecati,이하은,주식회사 지
Praesentium quibusdam,오도윤,(주) 김
Repellat laboriosam,김영호,유한회사 이윤이
Tempore quae quo quia,이선영,(유) 권홍김
Soluta placeat,오선영,주식회사 정문이
Esse impedit ut,김광수,유한회사 이김김
Laborum repellendus,김영환,박김
Accusamus excepturi quae,김은지,김윤이
Aut esse,김상철,송김
Quis sunt,조은경,(주) 이
Veniam explicabo aperiam,이진우,(유) 구
Optio magni nesciunt,김정웅,주식회사 장
Id accusantium,주정훈,이이
Quidem tenetur quis,한준서,유한회사 이강오
Incidunt sequi porro,박도현,(유) 박윤안
Incidunt possimus,이병철,(주) 김윤송
Id,안정자,(주) 이김김
Repudiandae enim,곽영자,신백
Sapiente molestias,안지은,강윤
Aperiam expedita nesciunt,주영길,김김
Expedita commodi,이지우,주식회사 김김안
A temporibus debitis molestias,박수진,최김
Sapiente iure,박수진,(유) 홍
Sunt voluptate eligendi expedita,백지은,양장이
Soluta fugit,윤숙자,김김김
Ea laudantium ea,강현숙,주식회사 박
Hic optio corporis,박중수,안김김
Nostrum laboriosam earum,김예지,유한회사 이
Nemo eligendi sed,김정수,유한회사 장황송
Nulla nemo,이준호,김김박
Reiciendis quaerat,서영식,신이이
Qui cum quibusdam,하준혁,박이김
Quod facilis occaecati,박경수,유한회사 김이이
Quia quidem dolorem,문혜진,(유) 이
Et facilis,김준서,유한회사 박
Officia architecto,장승민,곽류김
Adipisci quibusdam,김지아,주식회사 박권김
Culpa accusantium neque,이서준,이이
Quas ullam,박민준,전김
Libero temporibus tempore,이영호,(주) 이강박
Odio amet non,김진호,유한회사 김
Modi eligendi,권아름,박임
Sequi a,이경수,유한회사 이
Laborum laborum porro,김예진,이홍김
Distinctio iste,박성호,강우이
Nemo culpa,송종수,안손
Dolor non,김서연,유한회사 손손김
Sed quibusdam saepe,배명숙,유한회사 박
Quam similique mollitia,박지영,안남김
Magnam ratione,김정수,김장
Reiciendis expedita,박수민,주식회사 하
Ad,이정훈,이김
Architecto at,이수민,이김이
Voluptate tempora deserunt,최명자,김이
Quis at,이준영,(유) 홍김이
Voluptate occaecati rerum,김재호,김차
Ad occaecati quos,오영환,김이
Consequatur,류현준,권손박
Tempore molestiae,박민석,장황
Laudantium aliquid,나성수,(주) 손
Saepe impedit velit,김미경,주식회사 김
Ducimus exercitationem maxime,지혜진,주식회사 이
Provident omnis doloribus,윤예은,(주) 홍
Iste modi sint,황서연,유한회사 김
Asperiores dicta,엄상철,이김김
Aliquam pariatur,오동현,(유) 홍양김
Tempore ut,임병철,김박류
Odio laudantium commodi,손영식,홍박이
Dolore error,허은경,유한회사 이장심
Error aperiam dolor odit,김숙자,(주) 이박박
Voluptas doloremque,이예진,이권김
Accusantium quisquam,이예은,권김
Aperiam aliquid architecto,한지후,강이장
Expedita odit,최예진,이이
Reiciendis quasi non,김은주,유한회사 최최김
Veritatis aliquid unde,박성진,유한회사 김허양
Eveniet quidem,박병철,고김
Perferendis quo,박영자,최강
Ullam temporibus,백현우,조김이
Nostrum quibusdam,강정희,유한회사 하류김
Sapiente dicta eveniet voluptatem,김준혁,안문
Dolorum velit dolore,곽채원,(유) 박
Consequatur aliquid,손민준,박이
Commodi corporis debitis,백성수,주식회사 양오김
Qui enim et,고경수,(유) 오
Dicta hic,최정식,고성김
Est occaecati,권지연,유한회사 고조안
Culpa dignissimos est,박서연,주식회사 이
Quaerat odio,우영숙,(유) 심김이
Deserunt adipisci officiis,박수진,주식회사 윤
Optio hic,허영철,윤김김
Quis beatae voluptatum,이영길,주식회사 김
Magnam quas commodi,이성현,유한회사 이
Quibusdam,장정수,진이안
Tempore sapiente voluptates,박주원,주식회사 이
Odit id cupiditate,김예은,주식회사 양
Possimus error,성은지,주식회사 박
Maxime unde,장성훈,이이김
Fuga quo,김영식,(유) 김
Assumenda cumque,김정자,우김정
Voluptate ut animi,박숙자,주식회사 정
Unde eveniet error,이주원,유한회사 한이이
Ex laudantium,김지후,(주) 김최김
Alias ipsum mollitia,송수진,이박박
Repellat sit,김수민,주식회사 강박김
Neque cum,김성진,박진
Soluta ratione laudantium,김미정,김서
Quos minima,김성훈,김강장
Natus nam corporis,윤정자,(주) 이
Et saepe delectus soluta,이민재,장김강
Dolorum ipsam est cupiditate,안정웅,주식회사 이김박
Nostrum voluptas,박명숙,유한회사 김백노
Expedita fuga,문광수,(주) 김
Nesciunt quibusdam consectetur,장보람,박김이
Porro accusantium,류혜진,(주) 김이김
Est error iste,이준호,(유) 황
Assumenda aliquid,이순자,(주) 이
Hic unde,고도윤,강권홍
Delectus nisi dolorem,손지우,(주) 김권주
Commodi non,김영진,김박이
Recusandae facilis error,신병철,황남박
Doloribus dicta reiciendis natus,김영순,이문강
Tempore dolorem laboriosam,손윤서,차이
Dolores suscipit,홍숙자,주식회사 김
Excepturi cum unde,이준서,주식회사 박오이
Ab aperiam blanditiis,김예진,유한회사 오
Distinctio tempore,이예준,(주) 김
Ab repudiandae esse ducimus,백영호,강김
Nemo explicabo,오유진,유한회사 김
Cum quam ducimus,김서연,주식회사 김박윤
Aliquid ducimus iste,강지연,(유) 김
Culpa minima repellendus,윤서연,주식회사 임강이
Dolor nemo nostrum,홍현지,이이
Unde dolorem dolore,장수민,문한이
Quia tempora dolores,권민준,이윤안
Voluptatum laborum dignissimos fugit,이성호,김이손
Cumque molestiae,박미정,유한회사 한
Neque blanditiis atque,배광수,성민김
Asperiores omnis,박윤서,유한회사 이류서
Perferendis suscipit,윤미경,(주) 김민권
Nemo debitis,류보람,(주) 김이정
Assumenda dolorum,김진우,(주) 심
Neque nisi ut,이민서,주식회사 김
Illum odit,강민석,(유) 권
Consequuntur officiis nisi,이영자,김이
Unde voluptate officia,권진우,(주) 고최권
Ex,김춘자,강송김
Magnam alias tempore,송지연,곽김
Rem excepturi,손윤서,(주) 송
Eaque doloribus pariatur,류현정,박김
Nisi fugit sed,이경수,최최
Perferendis nam quaerat,임명자,주식회사 김
Repellendus exercitationem fuga,이하은,안김
Culpa temporibus,김정훈,홍이
Voluptas incidunt placeat,홍현숙,(유) 서박차
Atque nemo,안영철,박최정
Saepe ad veniam,김서영,주식회사 김이권
Impedit eos,이상현,유한회사 박
Non totam voluptas,김지현,주식회사 김
Aut rerum,김순자,유한회사 백
Animi quos rerum fugiat,손영환,이조박
Velit sunt accusantium,문서윤,김박서
Ut vitae est,최민지,오김김
Optio vel,이미경,유한회사 김김임
Cum non,배경수,유한회사 최이박
Ad aliquid,김춘자,박주박
Et rem totam,박진우,심김
Voluptatem aperiam ipsa,이지후,주식회사 김오한
In tempora cupiditate,이서연,(주) 오
Harum harum libero,김명자,유한회사 남
Tenetur harum,심예준,이박
Recusandae similique,김민석,주식회사 황최이
Esse ratione ab provident,장병철,주식회사 문김박
Ipsa cum,김영환,류박정
Expedita neque natus,김영호,이이
Doloremque,박재호,주식회사 노
Nisi facilis,김민수,최이
Aliquam reiciendis quaerat laudantium,김중수,주식회사 장허이
Earum vitae,남진호,강이강
Atque neque tempore,김유진,남김박
Aliquam voluptas commodi,박명숙,이심김
Vitae dolor est,강진호,홍주
Quos culpa,김민지,김안김
Nihil corrupti,김지혜,주식회사 류장박
Dolorem et quasi,최서현,(주) 최
Necessitatibus itaque,박은영,이박
Nesciunt corporis sit voluptatibus,우준호,(유) 송
Ipsa repudiandae,배건우,최고이
Dolores harum,김민재,주식회사 이윤송
Repellendus aperiam possimus,이명자,(유) 박이김
Quas ex aliquam,이중수,유한회사 김김안
Molestias,이영호,(유) 이박권
Nobis at,이수빈,이이윤
Consequuntur sint,김예진,주식회사 김김김
Dolor aliquam,백선영,한이오
Facilis doloremque repudiandae,이성호,박황
Enim saepe voluptate,이영순,하성
Rerum nobis,박성현,유한회사 이김남
Ullam unde debitis,황수진,유한회사 김
Hic et,윤지우,이안최
Quam eos asperiores,김준혁,유한회사 노
Similique assumenda,차수민,류서
Fugiat eligendi cum,박재호,주식회사 김권심
Voluptatibus sunt reiciendis,김수민,우송김
Incidunt tempora amet,배예은,유한회사 김류박
Sit,김민지,(주) 구
Ad,안지후,류김
Minus similique quidem,김지영,김백양
Voluptas necessitatibus,박은경,유한회사 고김박
Veritatis debitis nihil,배재호,최백이
Doloremque,이승현,이박이
Laborum,고민수,유한회사 박
Quod doloribus,김상철,이박
Unde odio maiores,이현주,주식회사 이지이
Nulla vel impedit,최예원,(주) 김
Porro dolorem iusto aliquam,김상철,오한
Explicabo animi explicabo,김민서,(유) 구김김
Nisi facilis,김수빈,(주) 김김김
Delectus voluptatum exercitationem,김성민,김김김
Non laudantium,최순옥,(주) 한
Non alias quos reiciendis,강영철,주식회사 이
Amet repellendus,김영호,최김
Fugiat a,김영순,주식회사 이
Dolores,김영미,김김서
Porro accusamus,이성현,이이
Inventore dolores,김하은,(유) 김김박
Dolor tempora,박정남,(주) 김
Cupiditate omnis,황시우,주식회사 박김서
Hic neque vitae,전정순,(주) 박박이
Nesciunt qui assumenda quo,성혜진,주식회사 권
Dolore praesentium,이영자,주식회사 권
Magnam debitis quas quod,윤숙자,박최
Molestiae ex reprehenderit,박영진,유한회사 이오오
Sequi enim molestiae earum,최지연,(유) 박
Quam debitis commodi,최정자,(유) 장박최
Quae,하상훈,장김김
Architecto ipsam dignissimos,진옥자,(주) 배
Dicta eveniet,이성진,(유) 박한박
Illum,이현준,주식회사 이
Accusamus minus repudiandae,김성수,(유) 박
Consequatur veritatis,김상철,주식회사 김김최
Nesciunt facere,양영호,장김김
Neque sint perspiciatis,김수민,(주) 김
Assumenda beatae,류상훈,권이
Suscipit nobis,김채원,주식회사 오
Laborum,김혜진,(유) 김김강
Amet ut aperiam,황준호,박오
Numquam reiciendis iste,윤정호,(주) 류
Explicabo dolore voluptatibus,김정희,곽권
At ipsam repellendus,최지원,(유) 허류김
Deleniti adipisci animi dolorum,박현숙,(유) 박황권
Nulla dignissimos,김영환,유한회사 이최최
Repudiandae nobis,김영식,송전한
Amet,우현숙,(주) 강
Tempora voluptatem omnis ullam,박병철,(주) 안박김
Sapiente explicabo distinctio illo,김은경,김김
Commodi exercitationem,이정숙,송이
Commodi eos perferendis,박은영,장류
Eos,장종수,(주) 이
Fugit optio,정보람,(유) 배
Nisi aut nostrum,오유진,하김
Sit laborum,이영환,(주) 윤
Beatae sequi cum,김숙자,유한회사 김이이
Accusantium atque fugiat,노영희,(유) 강
Eum voluptate fuga,오혜진,주식회사 이김이
Sint vitae,주지훈,(주) 이차문
In magnam,백성민,유한회사 김
Provident in,이지우,(유) 장
Id iure rem,서경수,신김
Molestiae quas dolorem,김건우,(주) 이박김
Illo magnam nisi,김광수,유한회사 오황홍
Libero temporibus labore,이정자,최강성
Reiciendis,김병철,안안
Tenetur corrupti dolorem distinctio,서서연,김이강
Nam atque quaerat,김영자,김최장
Nihil corrupti laboriosam,이정순,박김서
Sit est,이정식,이이윤
Quidem culpa sit quia,한정희,유한회사 윤
Alias quia,김예진,김이
Officia doloremque amet,김정남,(주) 김윤이
Accusamus fuga,정민서,주식회사 박손전
Nulla optio consequuntur ad,김예진,김최이
Ullam quasi,곽현주,최박이
Asperiores nemo,이영길,(유) 김김고
Soluta numquam tempora,오예진,이윤최
Numquam earum,김도현,유한회사 이
Unde illo natus,김지우,김이홍
Possimus eligendi,김정수,최최이
Nemo sapiente repellendus,김성민,(유) 류
Alias delectus nam,강수빈,김심
Iusto sint similique ducimus,김진호,유한회사 박이구
Fugit mollitia,최하윤,주식회사 이이이
Cum est,진정남,(유) 김
Aut,강동현,김김박
Iusto tempore,김은정,김박강
Maxime quod nesciunt,박정식,곽이김
Maiores sit eaque iusto,남춘자,오이정
Culpa consequuntur illo,오정자,(유) 김
Velit tempore,이성훈,유한회사 문박권
Perferendis quam,김정남,진오
Nulla cumque,김미경,김서
Dignissimos similique magnam,조현주,김김
Dolores ea minus,민정웅,유한회사 손
Nam quo nisi,박예진,(유) 이김류
Eligendi asperiores blanditiis,홍예준,김김김
Repudiandae,노상현,(주) 김황김
Exercitationem error fugiat,김춘자,이이심
Necessitatibus nulla,박민석,(주) 박황김
Error sit rerum culpa,김지은,유한회사 최민이
Eum nisi,황성수,윤강황
Laborum dignissimos doloremque,진미정,유한회사 이김이
Voluptatum porro,박우진,(주) 박
Perferendis velit,김진우,정김
Quaerat dolor temporibus,김현정,(주) 김안김
Fugiat blanditiis,류숙자,이문김
Adipisci facilis optio,장순자,김박김
Accusantium fuga,김민서,(주) 류심김
Placeat quasi rem,조영자,김한김
Autem facilis earum,성상철,유오
Autem excepturi quia,류아름,이김
Optio dolorem nam,고춘자,유한회사 홍김손
Consectetur,오은주,유한회사 김양서
Distinctio deserunt necessitatibus,이지은,이이김
Nostrum non exercitationem,윤예지,(유) 남백박
Velit rerum,최수민,(유) 안
Illum iure ad omnis,박지우,김박황
Quae inventore,문정훈,이김김
Eum fuga,박도현,이박윤
Voluptatibus quae cumque nam,강춘자,(주) 정이엄
Quae hic suscipit impedit,손지우,송한
Quae pariatur,이미영,윤송김
Reprehenderit non,이도현,(주) 김
Laborum nemo,한승현,주식회사 강
Id tenetur,김동현,김이홍
Debitis necessitatibus dignissimos,문선영,백김
Eius repudiandae,김정식,주식회사 김박하
Minima totam,이진우,한홍
Ab possimus provident,이명자,이최
Maiores laudantium error,윤예준,강강
Maiores eos labore,김준혁,(유) 김
Porro labore nam,서예진,주식회사 박홍김
Ipsum excepturi,박예준,(유) 김
Quisquam sapiente,이영희,주식회사 이
Aperiam quos,박현준,문박권
Consequuntur dolore sint,장윤서,한장
Facilis facere officiis,김영순,주식회사 김이김
Voluptate et eos,송성현,김이
Ipsam labore itaque,최진호,장김
Magnam reprehenderit cupiditate,안지은,(유) 최
Rerum minus possimus laborum,이예지,김김
Debitis molestias,한상훈,주식회사 박김이
Rerum ut,김은정,정박
Iure dolores,차경자,(주) 엄
Labore laborum,고보람,유한회사 엄송김
Similique tempore nobis,강정자,김김
Voluptatem provident,노현주,강이
Architecto at cupiditate,박정훈,최김
Quod laborum,이영길,배백
Distinctio recusandae necessitatibus porro,류유진,김심
Blanditiis illo culpa,이은서,(주) 이
Illum vero,홍민수,(유) 강
Culpa,김영자,문김
Tempora animi,류승현,노한최
Dolore expedita quibusdam,김재현,주식회사 윤
Quo optio,서정훈,오송
Vitae consequuntur expedita,최영자,최이
Doloribus culpa enim,김민재,김이
Dolore quasi,김명자,(주) 허전윤
Velit reiciendis,김영자,(유) 이
Accusantium sunt,류영일,주식회사 김김안
Ipsum provident dolor,박수민,김이
Sit cumque,김채원,(주) 김이이
Ex a fuga corporis,김광수,김박
Reiciendis voluptate molestiae,홍지원,박박
Ut atque inventore doloribus,김수빈,유한회사 김조이
Consequuntur odio,이영환,손최
Nesciunt accusamus debitis,김현숙,(유) 하
Commodi autem quidem iusto,박현우,김이김
Et modi harum,장정훈,이고김
Vitae modi expedita,박영일,김이최
Nisi,김영진,이박최
Architecto maxime,강선영,양이
Quidem est,박상현,이권김
Inventore molestiae,박영희,(주) 박강김
Necessitatibus laboriosam,윤종수,주식회사 강
Nesciunt,김영미,(주) 이
Nisi minus rem,김미숙,이유장
Velit dolorum sint,이경희,안송이
Quis,김상현,(주) 서장이
Rem ad,차순자,주식회사 안강장
Quam voluptatum in,성지아,박김이
Delectus sit accusamus,김지영,유한회사 김
Laudantium,남성훈,주식회사 박
Eligendi inventore,장지혜,이최
Exercitationem illum nulla,김영수,(유) 오김노
Modi harum,권수빈,김노
Quia quibusdam in,문옥자,주식회사 황김이
Ex dolore,손현숙,(주) 김
Voluptatem corrupti tenetur,이보람,송송이
Possimus voluptatem,신영길,유한회사 박박차
Fugit nihil quibusdam,나순자,(주) 이
Sit sequi,강은정,배장
Accusantium voluptate molestiae,이진우,주식회사 이강이
Eveniet,박성민,유한회사 이
Aliquid rerum totam officia,류아름,(유) 김송김
Sed rem,김윤서,주식회사 문
Sint repellendus,장주원,주식회사 류송이
Id sequi pariatur,이승민,김이
Quibusdam placeat vero,홍현준,유한회사 김이지
Aliquam nostrum harum,김수빈,임손
Quos laboriosam voluptatibus,전수빈,(유) 오김허
Consequuntur quibusdam,이혜진,박김이
Beatae minus,이명숙,오김심
Maxime voluptas totam quod,이서영,(유) 김
Natus,강동현,유한회사 이
Voluptatem,박현숙,(주) 박김박
Quos ratione,이영자,주식회사 박
Provident consequuntur,안지현,주식회사 이이김
Debitis explicabo,배예지,구이한
Quo placeat,우승현,김최
Dignissimos,권민석,정박최
Placeat eum architecto velit,이정순,김한김
Alias fuga fugiat,이하은,이한최
Ipsa ut officia,김정훈,(주) 문송한
A doloremque,최시우,(주) 홍이홍
Architecto libero,김민서,유한회사 김
Quas aperiam eaque ut,손서연,(유) 허장김
Architecto amet nisi,이서준,(유) 임손권
Nemo officia quis,황지후,최박최
Aliquam nisi optio,김민석,최김양
Necessitatibus,서옥자,(주) 이윤김
Voluptatum consequatur voluptas,박성민,(주) 안한고
Autem ipsum,안상호,(주) 이
Officiis laudantium,장동현,김진
Error molestiae,김수빈,이구이
Porro eos minima molestias,이정남,최송김
Quaerat nesciunt ullam,송준호,황박
Doloremque veritatis repellendus,이성수,주식회사 한김이
Molestiae vitae,이지은,유이이
Maxime delectus voluptate,송민수,주식회사 김
Ducimus accusamus,이성민,유한회사 전
Minus provident,오승민,박김
Dolor sint exercitationem,나병철,(주) 손이이
Sequi odio voluptatum,양지연,유한회사 서
Deserunt nobis explicabo,김수민,(주) 이황이
Odio dicta,장종수,김김
Doloribus consequuntur,최민석,주식회사 윤
Eveniet dignissimos laboriosam,이순자,주식회사 강신강
At quas,윤영수,(유) 장
At neque ratione,이영희,박진김
Minus,장정식,유한회사 김양김
Minus dignissimos quidem,최민석,(유) 김박최
Labore dolorem ducimus,김정희,권허
Nihil accusantium esse ad,조정자,(주) 김
Dolores recusandae atque,진경수,류김장
Repellat mollitia suscipit,박현우,박김한
Ratione nisi,김은정,박이
Deserunt eum,김민서,한백박
Atque,유수진,김한
Voluptatum aperiam nam,김지현,유한회사 김
Et explicabo ratione,문성호,이김
Eius dignissimos nulla accusantium,이동현,황장이
Molestias sunt perferendis,강상훈,김김김
Dicta inventore eligendi,박민지,(유) 김김진
Aut perferendis,남동현,김박강
Atque vitae,이지아,(주) 강문박
Explicabo alias nam,한정웅,주식회사 김정정
Laudantium adipisci deserunt,류영숙,최최최
Porro dolore minus,진정웅,유한회사 최유김
Aperiam,김영자,(유) 오
Saepe,김건우,유한회사 이박이
Rerum architecto,이지아,박강백
Architecto laborum a,박성진,주식회사 김
Veritatis vel,박영수,유한회사 김정이
Officiis,이하윤,(주) 오윤송
Vero voluptatem itaque,백은주,이이
Saepe architecto,서하윤,(유) 이
Exercitationem aspernatur blanditiis,김성수,이이김
Delectus unde,이영자,유한회사 한유김
Nemo quidem molestias,송영자,(유) 김
Quidem adipisci,이혜진,(주) 이차박
Cum,권정훈,이송김
Dignissimos tempore iusto,권서영,이박장
Maxime iusto quisquam,김아름,(주) 오김김
Consequuntur autem quidem nostrum,김은경,(유) 김양남
Voluptatum totam,이영철,이윤
Expedita vitae fugit esse,김아름,주식회사 김
Odio libero,김은주,이류
Error reiciendis fuga impedit,서순옥,손최
Ullam nesciunt molestiae,류지혜,박장
Rem sunt blanditiis,곽재호,주식회사 엄
Suscipit ratione,이정희,(유) 서김장
Totam mollitia facere,김지훈,최박김
Totam nihil placeat,강민수,최이
Magnam nam maiores,박승현,주식회사 김심김
Molestiae mollitia,이성호,김손박
Doloremque eum minima,김상현,오김김
Ullam molestias illum,이채원,최김
Aliquid maxime,손정자,유한회사 진
Odit quam,최미영,(유) 김
At molestiae,권미정,박신
Quod quae ullam,류정희,유한회사 박최이
Dolorem,김성수,주식회사 남박이
Nisi temporibus,박민서,유한회사 윤허이
Placeat magni,배미경,김박장
Temporibus eaque,서지훈,(유) 박
Doloremque accusamus in,남경희,최최
Esse explicabo provident ut,서하은,지이
At voluptatibus similique,권준호,최이이
Animi vitae earum,장영일,양허
Quos atque,성춘자,유한회사 김김이
Sit voluptatum officia,박옥순,(주) 박
Ad quidem,박민준,최김권
Nulla vel odio,문하윤,김정
Optio facere,박동현,박김강
Eos expedita,이지연,(주) 이이김
Nam maxime,서영숙,(주) 민
Quam omnis iusto,김성훈,문최
Eligendi esse,박은주,(주) 엄
Aspernatur harum,류예준,김박이
Expedita,이정순,(유) 최
Cumque error quaerat,이수민,유한회사 이
Temporibus magni,윤정수,류백
Cupiditate nulla,백춘자,유한회사 김
Repellat delectus,안지민,최장
Alias voluptatibus tempore,박민지,(유) 박
Tempore nulla fugit,이영길,(주) 서박이
Eligendi officia,안병철,이김박
Placeat esse reiciendis,김지은,박김
Ducimus repellendus quia alias,윤지훈,(주) 김이배
Veritatis omnis necessitatibus,이수진,유한회사 배
Enim quae,김지혜,유한회사 배
Quasi voluptatem,김현준,김이
Iure nihil nulla,장민재,유한회사 최한이
Eius totam tenetur,김춘자,박김양
Illum porro,신종수,(주) 조지박
Perferendis inventore,강동현,(유) 김손차
Reiciendis modi maxime,윤예지,김김
Deserunt nemo,임윤서,윤이권
Voluptas est nobis,이미영,(주) 권
Placeat velit,이영자,황김
Repudiandae nulla rerum,이정수,유한회사 이
Expedita porro autem,김우진,주식회사 박이이
Architecto,김주원,(유) 이윤주
Temporibus officia cum,강건우,박이윤
Dicta consectetur accusamus,김지현,배류허
A aperiam,심수빈,(유) 이김차
Vitae alias,홍현정,백박
Totam in dignissimos,이건우,(유) 이
Soluta reprehenderit id,이정수,(유) 김
Odit quam blanditiis,백현숙,백민
Consequuntur necessitatibus,박현숙,주식회사 김
Est temporibus,강지혜,유한회사 박권양
Fuga earum aut,나지영,김장
Dolore in,박예진,오박
Hic alias,엄유진,유한회사 이박박
Veniam labore,박재호,김조
Voluptate sint provident,우재현,안하서
Culpa nostrum iusto,양성민,김강
Cupiditate quod facere,박준서,주식회사 이
Nesciunt impedit,백성훈,(주) 고
Tempore,박승현,곽김
Eligendi ut saepe quis,이은경,(유) 김
In nam,이우진,(주) 안박김
Corrupti cum nesciunt,장성진,이김노
Pariatur nostrum perspiciatis laboriosam,남민석,주식회사 김송오
Iste iste occaecati,나은서,유한회사 김
Animi deserunt labore voluptates,송준영,(유) 김손박
Numquam voluptatum,최중수,(주) 이
Suscipit doloribus,권성훈,유한회사 배
Atque quia necessitatibus,안진호,주식회사 오
Sint aperiam,김상호,박김이
Sapiente fuga rerum,김진우,유한회사 최류류
Eligendi alias,최옥순,송류최
A qui incidunt,박정숙,유한회사 이
Explicabo repudiandae quos,황은영,조황권
Incidunt nisi odio,윤윤서,유한회사 민이최
Distinctio fuga,오정식,이이이
Quis reprehenderit dolorem,김선영,주식회사 엄
Ducimus quisquam asperiores,문종수,이최
Praesentium ab quisquam,하춘자,(주) 박
Vero alias,김진우,주식회사 이
Magni ducimus,이은정,(유) 윤
Ea repellendus,김민준,권윤
Quia suscipit nam,박현지,윤강오
Eum dolorem quaerat,이예은,(주) 한이박
Doloribus eveniet nulla,최도윤,심안황
Molestias sunt quidem,유서현,유한회사 김성홍
Impedit exercitationem a,이준영,(유) 윤
Aut dicta dolores,박예은,(유) 김
Corrupti fugit illum,이하은,(주) 허김나
Illo laboriosam,임상현,이오이
Dolor earum ipsam,박혜진,주식회사 장김서
Maiores,김중수,유한회사 문서최
Fugit reprehenderit,박정남,서이홍
Consequuntur ut,류영길,박박윤
Aut,이재호,이이
Perferendis,주혜진,(유) 김
Laborum culpa,안중수,구장황
Cum,박민서,김권
Tempore consequatur consequatur,오예준,박김김
In reiciendis,김정훈,김윤
Placeat velit non,한민수,유한회사 최이권
Dolorem impedit iusto,정동현,유한회사 이
Laudantium,이현준,(주) 최이송
Iure amet aperiam repellendus,김영철,유한회사 김
Nihil blanditiis,김정숙,주식회사 최김강
Sed tempora modi,김상현,안손
Officiis veritatis recusandae perspiciatis,김현지,김고
Aliquid nemo consectetur,이정웅,조황
Illo cupiditate commodi,김정남,고서
Quisquam architecto,이영희,박이박
Ipsum est quidem,최하은,(주) 류윤박
Ex soluta porro,양영수,주식회사 박심박
Unde pariatur assumenda,김은지,이김
Magnam rem nulla,장현준,(주) 진정임
Sequi explicabo mollitia,박순자,김박
Veritatis iste,김지영,최김
Dolorem consequuntur aliquam,김영자,유한회사 이윤나
Magnam architecto,주현주,(유) 김강안
Maiores harum a,송승민,(주) 서
Dignissimos eum distinctio,서정식,심김최
Magni ducimus accusantium,박옥자,최이
Itaque fuga,홍정훈,박이
Earum quis,홍숙자,김김
Eaque,김정호,(주) 하김강
Voluptate iusto,김수빈,김오김
Est numquam,민옥자,(주) 손
Maiores aperiam,김경희,유한회사 김
Modi voluptatibus,이정순,김윤박
Repudiandae praesentium ducimus,김시우,장김허
Tenetur voluptatem,심영길,(주) 강이이
Minima neque,최경희,황장노
Amet accusantium dicta temporibus,이병철,(유) 김
Commodi molestias,박병철,유한회사 서이김
Similique ullam molestiae,이지훈,유한회사 하김문
Nostrum vero,박예지,김김
Laboriosam at,박재호,유한회사 양
Modi,이도윤,한차유
Id quae,배지아,이이김
Ea porro incidunt,이현우,주식회사 박
Doloremque harum officia,문영일,(주) 안안이
Perspiciatis fuga consequatur voluptatum,김도윤,백이
Eos nisi nobis,강예준,이고김
Accusamus esse,박예준,(유) 문
Tenetur tenetur harum,황지민,주식회사 류
Fuga voluptatibus cumque sed,이민준,박이손
Explicabo natus,김정숙,이이김
Repellat debitis,박미영,주식회사 조
Dolores dolorum,이승현,(유) 이
Illo,윤정자,정김홍
Eveniet maiores,배주원,(유) 김
Sequi distinctio,주성현,김김최
Quod ullam,김현숙,(유) 서박최
Quidem rerum,김영희,주식회사 오권이
Sit alias aspernatur laboriosam,남현우,이오
Mollitia,신상훈,주식회사 임김주
Quia voluptas,황은영,허허이
Repellendus et,김선영,(유) 이
Ipsam quos,성정숙,서김
Debitis voluptas officia,정윤서,(주) 박
Reprehenderit doloribus quo,이미영,(유) 이권황
Labore exercitationem,최영진,이김류
Itaque eum,김수진,민송
Maiores voluptas,이병철,이최성
Tempore odit in perferendis,양민지,김남박
Placeat perspiciatis,허예원,(주) 양고한
Eos iure,이은경,(주) 허
Voluptate eius suscipit,윤동현,(유) 김
Beatae consequatur dolorem,홍지훈,이박황
Molestias repellendus omnis,김민지,박장오
Dicta facilis,배선영,오이
Animi voluptatum,문지민,(주) 이장박
Aperiam eius,한은서,박나이
Placeat ducimus est voluptates,서서윤,김이이
Praesentium placeat doloremque,배상호,박김안
Quidem magni voluptas,이상훈,서문
Ad ex at,최서현,유한회사 배
Quo iure esse,김성수,배남최
Minima cum,최현숙,주식회사 홍박김
Possimus assumenda,홍은경,최한
Quibusdam fugiat,김서현,유한회사 서김김
Possimus natus consectetur,장정훈,(주) 박심박
Eveniet eaque voluptatum,김상현,유한회사 문이이
Quam quisquam odit,박미숙,주식회사 이
Quasi laudantium sunt porro,이지아,(주) 황
Blanditiis et,이영환,엄김백
Necessitatibus vitae iusto,곽승현,(주) 박최박
Molestiae iusto,백성수,(유) 남
Culpa,조영길,유한회사 문최김
Accusantium minima,남지민,정김양
Placeat explicabo amet,김미숙,이최김
Nisi necessitatibus,엄준호,문이
Accusantium magnam vitae,이상현,강이
Adipisci iusto voluptatibus,김지민,김김박
Atque vero magnam,김민서,김이이
Voluptates nihil alias,강동현,(주) 조
Quae ratione,하지우,윤고
Quasi iste consequatur,김선영,(주) 오김김
Rerum,이현정,유한회사 박문박
Voluptatibus animi quasi expedita,이은정,(주) 이박이
Velit reprehenderit,김상현,장이윤
Suscipit quam,김경숙,주식회사 백
Pariatur magnam occaecati,이은지,(주) 성
Perferendis esse,이옥순,(유) 문
Eos quos,문현주,유한회사 박김오
Labore harum adipisci amet,이수민,김오
Voluptate voluptatum soluta,이지현,(유) 곽
Odio quibusdam blanditiis nulla,손예진,김이김
Alias sapiente unde,황민재,이양양
Cumque,오준호,(주) 이
Beatae non occaecati,장도윤,김황민
Doloribus nemo,이동현,양김고
Ea nostrum ullam aut,한영희,주식회사 윤
Eligendi deleniti ad,강정숙,김한
Nostrum sit a,김정호,(유) 김문이
Explicabo sit,김지원,김김오
Odio excepturi,하현주,윤박김
Adipisci unde nostrum,이정순,한이
Enim impedit,최성수,이안박
Vel ad suscipit,허영순,주식회사 최
Eos excepturi qui,이지우,유한회사 박
